{"count":1,"self":122.1112704,"total":122.598935,"children":{"InitializeActuators":{"count":2,"self":0.0015095999999999998,"total":0.0015095999999999998,"children":null},"InitializeSensors":{"count":2,"self":0.003588,"total":0.003588,"children":null},"AgentSendState":{"count":5743,"self":0.0537223,"total":0.0771172,"children":{"CollectObservations":{"count":2298,"self":0.0084891,"total":0.0084891,"children":null},"WriteActionMask":{"count":2298,"self":0.00060839999999999993,"total":0.00060839999999999993,"children":null},"RequestDecision":{"count":2298,"self":0.0142974,"total":0.0142974,"children":null}}},"DecideAction":{"count":5743,"self":0.33097499999999996,"total":0.33097499999999996,"children":null},"AgentAct":{"count":5743,"self":0.072468499999999991,"total":0.072468499999999991,"children":null}},"gauges":{"PongAgent.CumulativeReward":{"count":7,"max":19,"min":1,"runningAverage":7.57142925,"value":3,"weightedAverage":6.48339844}},"metadata":{"timer_format_version":"0.1.0","start_time_seconds":"1758186221","unity_version":"6000.0.40f1","command_line_arguments":"C:\\Users\\Haseeb\\AITesting\\PlayableBuilds\\AITesting.exe","communication_protocol_version":"1.5.0","com.unity.ml-agents_version":"4.0.0","scene_name":"003.Pong","end_time_seconds":"1758186343"}}